NOM;CODI;DATA;SEXE;GRUP_EDAT;RESIDENCIA;CASOS_CONFIRMAT;PCR;TAR;INGRESSOS_TOTAL;INGRESSOS_CRITIC;INGRESSATS_TOTAL;INGRESSATS_CRITIC;EXITUS;CASOS_PCR;CASOS_TAR;POSITIVITAT_PCR_NUM;POSITIVITAT_TAR_NUM;POSITIVITAT_PCR_DEN;POSITIVITAT_TAR_DEN;VACUNATS_DOSI_1;VACUNATS_DOSI_2
ALT EMPORDÀ;51;2022-03-08;Dona;20 a 29;No;4;3;11;0;0;1;0;2;0;4;0;1;2;5;0;0
ALT EMPORDÀ;51;2022-03-08;Dona;30 a 39;No;4;3;11;0;0;1;0;3;0;4;0;1;2;5;0;0
ALT EMPORDÀ;51;2022-03-08;Dona;40 a 49;No;4;3;11;0;0;1;0;4;0;4;0;1;2;5;0;0
ALT MARESME;55;2022-01-22;Dona;20 a 29;No;15;16;32;0;0;1;0;0;1;14;2;4;12;18;0;0
ALT MARESME;55;2022-01-22;Dona;30 a 39;No;40;16;58;1;0;0;0;1;1;39;3;15;12;24;0;0
ALT MARESME;55;2022-01-22;Dona;40 a 49;No;53;34;80;0;0;2;0;2;4;49;6;12;25;34;0;4
ALT PENEDÈS;61;2022-02-14;Dona;20 a 29;No;9;6;36;0;0;0;0;5;1;8;1;1;3;12;0;4
ALT PENEDÈS;61;2022-02-14;Dona;30 a 39;No;4;7;29;0;0;1;0;5;0;4;0;3;5;17;0;1
ALT PENEDÈS;61;2022-02-14;Dona;40 a 49;No;9;13;44;0;0;1;1;7;1;8;1;1;10;16;0;2